domain,count
github.com,30905
chrome.google.com,1388
itunes.apple.com,1359
medium.com,1164
play.google.com,1161
youtube.com,1128
producthunt.com,844
twitter.com,568
apps.apple.com,568
gist.github.com,415
npmjs.com,334
kickstarter.com,231
bit.ly,221
youtu.be,202
gitlab.com,191
dev.to,184
codepen.io,174
marketplace.visualstudio.com,133
docs.google.com,131
reddit.com,126
addons.mozilla.org,126
goo.gl,121
gumroad.com,98
blog.aha.io,93
servletsuite.blogspot.com,90
amazon.com,87
blog.alexellis.io,84
vimeo.com,80
bitbucket.org,70
indiegogo.com,70
towardsdatascience.com,61
leanpub.com,61
linkedin.com,60
lambdaway.free.fr,59
pypi.org,52
m.me,50
facebook.com,49
hackernoon.com,49
restdb.io,47
wordpress.org,45
victorribeiro.com,45
colab.research.google.com,44
store.steampowered.com,43
gum.co,42
apple.co,41
cloudrail.com,41
appsto.re,40
observablehq.com,39
techcrunch.com,39
imgur.com,38
simpleaswater.com,38
indiehackers.com,37
twitch.tv,37
market.android.com,36
soundcloud.com,35
udemy.com,34
t.me,33
crates.io,33
cloudboost.io,32
i.imgur.com,32
jsfiddle.net,31
easylang.online,31
quiverquant.com,31
longren.io,31
locserendipity.com,30
news.ycombinator.com,30
blog.klipse.tech,30
loadfocus.com,29
old.reddit.com,29
qanairy.com,29
totalcloud.io,29
fyipe.com,28
hub.docker.com,28
anchor.fm,28
mydataorganizer.com,28
git.io,28
listennotes.com,27
testflight.apple.com,27
reactdom.com,27
share.streamlit.io,27
git.sr.ht,27
slack.com,27
pypi.python.org,26
bubbl.in,26
huggingface.co,26
socialman.net,25
mdbootstrap.com,24
figma.com,24
candlapp.com,24
usersnap.com,24
kck.st,24
apps.facebook.com,23
npmjs.org,23
owwly.com,23
drive.google.com,22
esapi.intellexer.com,22
ruxit.com,22
kaggle.com,21
journyal.com,21
made2591.github.io,21
